CODIGO,DESCRIPCION,VALORIZADO
2199,STICKER AUTOADHESIVO PARA USUARIOS EN CORTE DE SERVICIO,0.03
3442,STICKER AUTOADHESIVO PARA USUARIOS EN RECONEXION DE SERVICIO,0.03
2181,STICKERS PARA CONTRASTACIÓN PROCEDIMIENTO Nº 227-2013-OS/CD,0.04
1082,"TORNILLO 1/2"" FE Nº10 AUTORROSCANTE",0.05
3050,STICKERS PARA CONTRASTACIÓN NTCSE,0.05
4360,STICKER DE CAMBIO DE MEDIDOR.,0.06
3459,TERMINAL PUNTA PARA CABLE DE 4 MM.,0.07
252,CINTURINES SUJETACABLES DE NYLON DE3.6 MM X 150MM. COLOR NEGRO,0.08
254,"CINTURINES SUJETACABLES DE NYLON 5,0MM X 282MM COLOR NEGRO",0.08
2513,"TORNILLO 5/8"" x 6mm AUTORROSC. FO.GO.",0.08
2652,"PERNO CABEZA HEXAGONAL DE¼ x 1"" ZINCADO GRADO 2",0.08
255,CINTURINES SUJETACABLES DE NYLON DE3.6 MM X 200 MM. COLOR NEGRO,0.09
4371,"Terminal de punta redondo, 14 AWG.",0.1
92,ABRAZADERA PLÁST. P/C. CONCÉNT. MONOF. Nº10,0.11
1083,"TORNILLO 3/4"" FE Nº10 AUTORROSCANTE",0.11
3460,TERMINAL PUNTA PARA CABLE DE 2.5 MM.,0.11
713,TERMINAL TIPO UÑA PARA CABLE # 14AWG,0.13
3461,TERMINAL TIPO UÑA PARA CABLE DE 2.5 MM.,0.13
93,ABRAZADERA PLÁST. P/C. CONCÉNT. TRIFÁS. Nº16,0.14
2471,"CINTILLOS DE PLASTICO PARA AMARRE DE 7,6MMX300MM",0.15
4000,"CINTURINES SUJETACABLES DE NYLON 7,6 MM X 380 MM COLOR NEGRO",0.17
384,"CINTURINES SUJETACABLES DE NYLON 7,6MM X 368MM COLOR NEGRO",0.19
2662,"PERNO DE ¼ "" x 1 ¼ "" CON ROSCA ZINCADO",0.21
1084,"TORNILLO 1"" # 10 FE GO. AUTORROSCANTE",0.2206
748,"TERMINAL OJAL 3/16"" - CABLE 12-10AWG",0.26
5127,TERMINAL PVC T/PIN P/CABLE #12 AMARILLO,0.31
627,PRECINTO SEG.DOB.ANCLA-ROJO-POLICARBONATO,0.48
629,PRECINTO DE SEGURIDAD DOBLE ANCLA COLOR VERDE DE POLICARBONATO,0.48
2318,PRECINTOS DE SEG. DOBLE ANCLA AZUL POLICARBONATO,0.48
5058,"PRECINTO DE SEGURIDAD DOBLE ANCLA COLOR AMARILLO, MATERIAL POLICARBONATO",0.48
5059,"PRECINTO DE SEGURIDAD DOBLE ANCLA COLOR ANARANJADO, MATERIAL POLICARBONATO",0.48
4136,"PERNO DE BRONCE DE 3/16""""Ø",0.5
4377,"Perno F°G° (cadmiado), 3/8” X 1"".",0.5
124,ALAMBRE AL PURO DESNUDO TEMPLE BLANDO 10MM²,0.53
854,"CURVA PVC SAP 3/4""X90º",0.57
290,CINTA PLANA PARA ARMAR,0.6
2656,PLATINA ANGULAR ROCADA DE 1/8X1. PULGADA X45X45MM CON AGUJERO PARA PERNO DE ¼ A 36MM DEL DOBLES,0.64
104,"ARMELLA TIRAFÓN DE ACERO FORJADO GALVANIZADO 3/8"" X 2""",0.65
935,ARANDELA CUADRADA PLANA 57 X 57 X 4,0.65
2092,"ARANDELA DE FºGº CUADRADA PLANA DE 3/16""X2""X2"" AGUJERO DE 21MM DIA",0.67
1472,CONECTOR RJ-45 CATEGORIA 5,0.7
929,"ARANDELA DE FºGº CUADRADA CURVADA DE 3/16""X2-1/4""X2-1/4"" AGUJERO DE 21MM DIA",0.8
989,"PERNO FE GO. 1/2""X1.1/2""",0.873
2974,GUANTES DE NITRILO,0.91
497,"GRAPA BAND-IT 3/4"" Aº INOX.",0.98
499,GUARDACABO DE AºGº DE 1.5MM DE ESPESOR,1.04
232,CONDUCTOR ALEACIÓN AL 35MM² AAAC 7 HILOS,1.07
146,BRAZO SOPORTE 38X38X6MM SEC. 710MM LONG.,1.15
592,MARCADOR INDELEBLE P/IDENTIF. COND. CONCENT. 4-6MM²,1.22
180,CONDUCTOR CONCENTRICO ALUMINIO BIPOLAR 2X6 MM2,1.36
676,TERMINAL COMPRESIÓN CU-ESTAÑADO DE 16MM²,1.5
233,CONDUCTOR ALEACIÓN AL 50MM² AAAC 7 HILOS,1.57
4459,CONDUCTOR ALEACIÓN AL 50MM² 19 HILOS ENGRASADO,1.6245
2232,PRECINTO METALICO DE ALTA SEGURIDAD,1.63
66,AISLADOR PORCELANA CLASE ANSI 53-1 TIPO CARRETE,1.69
669,"TEMPLADOR C/SUJETADORES B.T. MOOFÁSICO, DE ACERO GALVANIZADO EN CALIENTE",1.78
1098,"TIRAFON FO GO 3/8 X 3""",1.83
316,CABLE CAAI 1X16 + N25MM²,1.9
893,PRECINTO METÁLICO CIRCULAR CON NUMERACIÓN Y LOGOTIPO (ELD) PARA CAJA METÁLICA,1.99
67,AISLADOR PORCELANA CLASE ANSI 53-2 TIPO CARRETE,2.03
5131,CABLE FLEXIBLE PARA PUESTA A TIERRA #10 VERDE - AMARILLO,2.04
856,"CURVA PVC SAP 1.1/4""X90º",2.06
211,"CONDUCTOR NLT 2X2,5MM² (CORDON)",2.12
1043,TERMINAL TIPO PIN EN ALUMINIO CALIBRE 6 AWG PIN-6,2.21
362,CONDUCTOR ALEACIÓN AL 70MM² AAAC 19 HILOS,2.22
164,CONDUCTOR TIPO NLT 2X14 AWG - 600 VOLT.,2.29
151,"CABLE RETENIDA ACERO GALV. 3/8""",2.32
677,TERMINAL COMPRESIÓN CU-ESTAÑADO DE 25MM²,2.35
1309,CINTA MASKINGTAPE,2.37
183,CONDUCTOR CONCENTRICO ALUMINIO BIPOLAR 2X16 MM2,2.43
275,"CONECTOR CUÑA UDC ""II"" (25-10, 16-16)MM² AL/CU-CU 881783-1",2.55
260,"CONECTOR CUÑA UDC ""I"" 35-25MM² 880557-1",2.58
612,"PORTALÍNEA ""U"" AISLADOR CARRETE 53-1",2.58
1050,PERNO COCHE 13MM X 152MM C/T Y CT.,2.61
223,CONECTOR PERNO PARTIDO P/CAB. 16MM² BR-EST.,2.65
5048,"PERNO DE A°G° EN CALIENTE 1/2"" DIA X 8"" PARA INSTALACION DE PORTALINEA TIPO ""U"", INCLUIDO A/T/C",2.67
186,CONDUCTOR CONCÉNTRICO TRIPOLAR 3X6MM²,2.68
725,TERMINAL COMPRESION CU-CAD 25MM2 - 4AWG,2.69
215,'CONECTOR PERNO PARTIDO P/CAB. 16MM DIÁM.,2.79
2831,MORDAZA DE SUSPENSION PARA CONDUCTOR AUTOPORTANTE DE B.T.,2.85
4171,"ABRAZADERA METALICA TIPO ""U"" P/TUBERIA 1""",2.85
678,TERMINAL COMPRESIÓN CU-ESTAÑADO DE 35MM²,2.91
922,"ARANDELA DE FºGº CUADRADA PLANA DE 1/4""X4""X4"" AGUJERO DE 21MM DIA",2.99
4700,MORCETO PARA ACOMETIDA PKD-14 LCT (CONECTOR DE LINEAS ELECTRICA),2.99
256,"CONECTOR CUÑA UDC ""IV"" (16-1,5-2,5, 16-4, 10-6, 10-10)MM² AL/CU-CU 881787-1",3.08
458,FUSIBLE CHICOTE 8A 10KV,3.08
4366,Perno coche de 6” x 3/8”.,3.09
176,CONECTOR AB-58 PARA VARILLA DE COBRE DE 16MM²,3.1
432,FUSIBLE CHICOTE 5A 10KV,3.12
2852,CONDUCTOR DE COBRE PURO DESNUDO TEMPLE BLANDO 10MM²,3.14
3632,CONDUCTOR TIPO NLT 2X12 AWG - 600 VOLT.,3.14
259,"CONECTOR CUÑA UDC ""III"" 25-4MM² 880563-1",3.16
469,FUSIBLE CHICOTE 3A 10KV,3.17
261,"CONECTOR CUÑA UDC ""V"" (10-1,5-2,5, 10-4)MM² AL/CU-CU 6881789-1",3.1893
463,FUSIBLE CHICOTE 6A 10KV,3.2
2559,ADAPTADOR PARA PRECINTO METÁLICO CIRCULAR TAMAÑO MEDIANO TIPO 2 PARA CAJA METÁLICA TIPO L,3.22
394,CONDUCTOR ALEACIÓN AL 95MM2 AAAC 19 HILOS,3.25
5043,CONDUCTOR CONCENTRICO ALUMINIO BIPOLAR 2X10MM2,3.29
5102,"UNION CONDUIT FIERRO GALVANIZADO EMT DE 1.1/4"" (UL)",3.31
466,FUSIBLE CHICOTE 12A 10KV,3.34
222,CONECTOR PERNO PARTIDO P/CAB. 25MM² BR-EST.,3.38
270,"CINTA BAND-IT 19,05MM X 0,76MM (FLEJE ACERO INOXIDABLE)",3.39
706,TERMINAL COMPRESIÓN CU-CAD 35MM²,3.39
2560,ADAPTADOR PARA PRECINTO METÁLICO CIRCULAR TAMAÑO CHICO TIPO 1 PARA MEDIDOR ELECTRÓNICO,3.39
4135,CONECTOR TIPO AB PARA VARILLA DE COBRE DE 35MM²,3.41
305,CONDUCTOR TIPO NLT 4X14 AWG - 600 VOLT.,3.42
433,FUSIBLE CHICOTE 10A 10KV,3.42
380,CABLE CAAI-S 2X16MM²,3.43
83,AISLADOR PORCELANA CLASE ANSI 54-2 TIPO TRACCIÓN,3.45
473,FUSIBLE CHICOTE 1A 10KV,3.46
434,FUSIBLE CHICOTE 15A 10KV,3.53
2561,ADAPTADOR PARA PRECINTO METÁLICO TAMAÑO GRANDE TIPO 3 PARA CAJA METÁLICA PARA MEDIDOR TRIFÁSICO LT,3.54
221,CONECTOR PERNO PARTIDO P/CAB. 35MM² BR-EST.,3.58
369,CONDUCTOR ALEACIÓN AL 120MM² 19 HILOS,3.64
5104,"ADAPTADOR A CAJA FIERRO GALVANIZADO EMT DE 1.1/4"" (UL)",3.71
4141,"CURVA PVC SAP 2""X90º",3.74
3182,"CONECTOR TIPO AB 3/4"" PARA VARILLA DE COBRE DE 19MM².",3.8
898,"TUBO PVC TIPO SAP 3/4"" DIAMT X3M",3.82
5050,"PORTALINEA ""U"" VERTICAL (UNIPOLAR) PARA AISLADOR CARRETE 53-2 INCLUIDO PIN DE SUJECCION DE AISLADOR CARRETE Y PASADOR DE BRONCE",3.82
435,FUSIBLE CHICOTE 20A 10KV,3.89
470,FUSIBLE CHICOTE 2A 10KV,4.05
3049,AVISO PREVIO - PROCEDIMIENTO Nº 227-2013-OS/CD-ALTERNATIVO,4.06
1096,TRAPO INDUSTRIAL,4.16
153,CONDUCTOR ALEACIÓN AL 120MM² 19 HILOS ENGRASADO,4.21
680,TERMINAL COMPRESIÓN CU-ESTAÑADO DE 50MM²,4.21
242,CABLE CU DESNUDO TEMPLE BLANDO 16MM² P/PUESTA A TIERRA,4.25
258,"CONECTOR CUÑA UDC ""A"" (35-4, 35-6, 35-10, 50-4 Y 50-6)MM² AL/CU-CU 688285-1",4.26
2850,AVISO PREVIO - PROCEDIMIENTO Nº 227-2013-OS/CD,4.26
1770,ABRAZADERA DE F.G. P/CABLE N2XSY,4.3
436,FUSIBLE CHICOTE 25A 10KV,4.32
4310,CONDUCTOR AAAC DE 150 MM2.,4.33
1440,AVISO PREVIO - CONTRASTACIÓN NTCSE,4.38
972,"PERNO DOBLE ARMADO FE GO. 19X457,2MM (3/4""X18"")",10.77
3093,"CINTA AISLANTE TEMFLEX 1700 3/4"" X 20M X 7MI 3M",4.44
188,CONDUCTOR CONCENTRICO ALUMINIO TRIPOLAR 3X10 MM2,4.51
437,FUSIBLE CHICOTE 30A 10KV,4.57
975,"PERNO FE GO. 5/8""X10""",4.58
1856,"PERNO DE 1/2"" X 36CM C/T",4.6
1061,"PERNO MAQUINADO FE GO. 5/8""X10"" C/TCA/ARAND.+CTCA",4.77
1047,"PERNO MAQUINADO FE GO. 5/8""X12"" C/TCA/ARAND.+CTCA",4.79
2009,BORNERA PARA 6MM CON PORTABORNERA,4.87
1253,FRANELA,4.9
617,"PLANCHA CU. ""J"" PARA PERNODE 19MM²",4.91
1085,"TUERCA OJO FE GO. 5/8"" (16MM), SEGUN NORMA ASTM-A153",4.91
343,CONDUCTOR CU THW CABLEADO SEMIDURO 10MM²,4.93
3831,TOCUYO.,4.93
558,INTERRUPTOR TERMOMAGNÉTICO 2X16A,5.0
181,CONDUCTOR CONCENTRICO ALUMINIO TETRAPOLAR 4X10 MM2,5.02
1076,"TUERCA OJO FE GO. 3/4"" (19,05MM), SEGUN NORMA ASTM-A153",5.15
257,"CONECTOR CUÑA UDC ""VI"" (50-50, 70-35, 70-50)MM² AL/CU-CU 444033-1",5.31
274,"CONECTOR CUÑA UDC ""VII"" (35-35, 50-16, 50-25, 50-35 Y 70-25)MM² AL/CU-CU 444033-1",5.36
1065,"SOGA DE NYLON DE 3/4""",5.5
616,"PLANCHA CU ""J"" PARA PERNO 16MM?",5.6
5368,CONDUCTOR ELECTRICO NMT ( SJO ) 4X12AWG 300/500V,5.67
438,FUSIBLE CHICOTE 40A 10KV,5.74
681,TERMINAL COMPRESIÓN CU-ESTAÑADO DE 95MM²,5.75
379,CONDUCTOR CONCÉNTRICO TRIPOLAR 3X10MM²,5.8
708,TERMINAL COMPRESION CU-CAD 70MM2,5.8
3612,"PERNO DE ACERO INOXIDABLE DE 1/2"" x 1.1/2"" C/A/T.",5.85
757,VARILLA DE ARMAR PREF. AL 50MM²,5.86
182,CONDUCTOR CONCENTRICO ALUMINIO TETRAPOLAR 4X16 MM2,5.88
4652,TERMINAL COBRE-ESTAÑO ( CU-SN ) 4X10MM2,5.9
5103,"UNION CONDUIT FIERRO GALVANIZADO EMT DE 2"" (UL)",5.93
2889,"PERNO OJO FE GO. 5/8"" X 8"" C/D/A/T/C",5.99
2262,"CABLE ACERO GO. DE 1/2"" DIÁM. P/RETEN., 7 H., 9.15 TN. RESIS",6.01
2453,"INFORME DE NORMALIZACIÓN CLIENTE COMÚN(TAL. 50 JGOS.ORIGINAL Y COPIA EN A4, PAPEL QUÍMICO AUTOCOPIAT",6.01
685,TERMINAL COMPRESIÓN CU-ESTAÑADO DE 70MM²,6.02
764,VARILLA DE ARMAR PREF. AL 35MM² SIMPLE,6.03
2832,"CONSTANCIA DE AVISO PREVIO DE INSPECCIÓN (TAL. 50 JGOS.ORIGINAL Y COPIA EN A4, PAPEL QUÍMICO AUTOCOP",6.06
5017,CABLE APANTALLADO N2XSY DE 2x2.5MM2,6.07
185,CONDUCTOR CONCENTRICO ALUMINIO TRIPOLAR 3X16 MM2,6.16
1058,"PERNO GANCHO DE SUSPENSIÓN DE FºGº 5/8''X8', 10KN DE TRACCIÓN",6.21
2454,"INFORME DE INSPECCIÓN(TAL. 50 JGOS.ORIGINAL Y COPIA EN A4, PAPEL QUÍMICO AUTOCOPIATIVO, NUMERADOS)",6.4
2094,VARILLA DE ARMAR PREF. AL 35MM² DOBLE,6.4
769,VARILLA DE ARMAR PREF. AL 50MM² SIMPLE,6.42
366,CONDUCTOR TIPO NLT 4X12 AWG - 600 VOLT.,6.44
1046,"PERNO MAQUINADO FE GO. 5/8""X20"" C/TCA/ARAND.+CTCA",6.44
5105,"ADAPTADOR A CAJA FIERRO GALVANIZADO EMT DE 2"" (UL)",6.48
2873,CABLE NYY 2-1 X 10MM² . DE 7 HILOS DE COBRE PARA 1 KV CABLEADO COMPACTO DE SECCION CIRCULAR,6.52
3874,TALONARIO FICHA DE NORMALIZACIÓN DE CLIENTE MAYOR - PÉRDIDAS.,6.52
318,CABLE CAAI 3X35 + 1X16 + N25MM²,6.54
2150,CONDUCTOR CONCÉNTRICO TETRAPOLAR 4X4MM²,6.5584
4651,TERMINAL COBRE-ESTAÑO ( CU-SN ) 4X16MM2,6.56
300,"CABLE NYY 2-1 X 6MM² 1KV , CONDUCTOR DE COBRE SÒLIDO DE SECCION CIRCULAR",6.58
904,"TUBO PVC TIPO SAP 1.1/4"" DIAMT. X3M",6.71
515,"GANCHO SUSPENSION FE GO. 5/8"" X 12""",6.8
4064,FICHA DE TOTALIZADORES Y ALUMBRADO PUBLICO- MEDICIONES,6.83
347,CABLE NYY 2X6 MM² . DE COBRE RECOCIDO SÒLIDO DE SECCION CIRCULAR,6.86
523,"GRAPA FO.GO. TIPO CROSBY 3/8""",6.88
160,CERRADURA TRIANGULAR PARA CAJA MET. L - LT,6.91
936,"ARANDELA CUADRADA PLANA 1/2""X4""X4""",6.91
991,"PERNO OJO FE GO. 5/8"" X 10"" C/D/A/T/C",6.94
1059,"PERNO OJO FE GO. ANGULAR 5/8"" X 10"" FORJADO C/D/A/T/C",6.94
1054,"PLANCHA GANCHO DE SUSPENSIÓN DE 16MM² (5/8""), PARA POSTE.",7.03
4062,ACTA DE CORTE DE SUMINISTRO ELECTRICO DE CLIENTES MAYORES,7.17
566,INTERRUPTOR TERMOMAGNÉTICO 2X25A,7.18
508,"GRAPA PARALELA 3/8"" - 9,52MM - 3 PERNOS 30KN.CARGA MÍNIMA",7.2
984,"PERNO FE GO. 3/4""X10""",7.2
5019,TIERRA FULLER,7.35
2932,ACTA DE INTERVENCIÓN CLIENTE MAYOR PERDIDAS,7.53
974,"PERNO FE GO. 3/4""X12""",7.59
2452,"ACTA DE INTERVENCIÓN CLIENTE COMÚN (TAL. 50 JGOS.ORIGINAL Y COPIA EN A4, PAPEL QUÍMICO AUTOCOPIATIVO",7.61
2451,"CONSTANCIA DE AVISO PREVIO DE INTERVENCIÓN (TAL. 50 JGOS.ORIGINAL Y COPIA EN A4, PAPEL QUÍMICO AUTOC",7.62
981,"PERNO FE GO. 5/8""X8""",7.63
3937,FICHA DE CAMBIO DE MEDIDOR Y NORMALIZACIÓN - LABORATORIO,7.7
4493,"PERNO OJO FE GO 5/8"" X 8"" CON 2 ( ARANDELAS CURVADAS, TUERCAS Y CONTRA TUERCAS )",7.73
1628,"TEMPLADOR C/SUJETADORES B.T. TRIFÁSICO, DE ACERO GALVANIZADO EN CALIENTE",7.8
64,ADAPTADOR HORQUILLA BOLA,7.83
3130,GRAPA CONICA PARA FIN DE LINEA TIPO COCODRILO,7.92
1040,"PERNO DOBLE ARMADO DE A°.G° EN CALIENTE DE 16 MMØX 584.2MM (5/8"" X 23"") DE LONGITUD, CON 4 A/T/C",8.52
3010,PINTURA SPRAY COLOR AMARILLO,8.15
3011,PINTURA SPRAY COLOR VERDE,8.15
4016,BORNERA DE TIERRA PARA 6MM,8.16
2502,PINTURA SPRAY COLOR ROJO,8.17
2503,PINTURA SPRAY COLOR BLANCO,8.19
5164,PINTURA SPRAY COLOR NEGRO,8.25
4319,CABLE APANTALLADO N2xSY DE 4X4 MM2.,8.43
519,GANCHO SUSPENSIÓN FE GO. 16MM X 310MM,8.49
202,CONDUCTOR CU DESNUDO CABLEADO DURO 25MM²,8.52
1044,PERNO DOBLE ARMADO AºGº 5/8'' DE DIAM. 20''DE LONG.56KN,7.99
1028,"PERNO OJO FE GO. 5/8"" X 12""",8.56
1320,FICHA DE TRABAJO - AREA DE MEDICIONES,8.57
766,VARILLA DE ARMAR PREF. AL 70MM²,8.67
5016,CABLE APANTALLADO N2XSY DE 4x2.5MM2,8.7
319,CABLE CAAI 3X50 + 1X16 + N35MM²,8.72
1922,"PERNO OJO 5/8"" X 12"" C/TUERCA OJAL 5/8""",8.96
179,CONDUCTOR CONCÉNTRICO TETRAPOLAR 4X6MM²,9.0
165,CONDUCTOR TIPO NLT 3X12 AWG - 600 VOLT.,9.0
213,CONDUCTOR CONCÉNTRICO BIPOLAR 2X4MM²,9.0
2161,CABLE CU. DESNUDO TEMPLE BLANDO 25MM2 P/PUESTA A TIERRA,9.1
203,CONDUCTOR CU DESNUDO CABLEADO DURO 35MM²,9.26
243,CABLE CU DESNUDO TEMPLE BLANDO 35MM² P/PUESTA A TIERRA,9.29
227,CABLE CAAI-S 3X35 + 2X16MM²,9.37
63,ADAPTADOR CASQUILLO OJO,9.38
76,ABRAZADERA PARA PASTORAL FºGº/POSTE B.T. DE C.A.C.,9.38
962,ESCOBILLA ACERO 3/4 X 14,9.5
412,ESPIGA FE. GO. 19 X 305MM CON CABEZA 25MM2,9.56
647,"REGLETA MADERA TORNILLO 2""X2""X1,20M",9.6
1051,"PERNO OJO FE GO. 3/4"" X 6"" C/D/A/T/C",9.77
118,ABRAZADERA P/P 120.0 A 135.0MM - POSTE8M,9.85
439,FUSIBLE CHICOTE 50A 10KV,9.98
402,"ESTRIBO FE GO. SUSPENSIÓN ""U"" 16MM X 254 X 110MM",10.12
682,TERMINAL COMPRESIÓN CU-ESTAÑADO DE 120MM²,10.13
5100,"CURVA CONDUIT FIERRO GALVANIZADO EMT DE 1.1/4"" X 90° (UL) WEIFANG",10.26
1033,"PERNO GANCHO 3/4"" X 10""",10.33
986,"PERNO OJO FE GO. 3/4"" X 8"" C/D/A/T/C SEGUN NORMA ASTM-A153",10.65
982,"PERNO OJO FE GO. 3/4"" X 10"" C/D/A/T/C NORMA ASTM-A153",10.72
1032,"PERNO DOBLE ARMADO 5/8""X12"" (A.T.CT.)",4.44
507,GRAPA ANCLAJE PIST. AL 2 PERNOS P/COND. 35MM²,10.82
440,FUSIBLE CHICOTE 65A 10KV,10.93
978,"PERNO OJO FE GO. 3/4"" X 12"" C/D/A/T/C SEGUN NORMA ASTM-A153 CON 5'' DE ROSCA",10.93
3186,"CONECTOR MINIWEDGE DE 50/50MM², CÓDIGO 83592-1.",10.98
3187,"CONECTOR MINIWEDGE DE 50/35MM², CÓDIGO 83592-2.",11.02
3188,"CONECTOR MINIWEDGE DE 50/25MM², CÓDIGO 83592-3.",11.02
3190,"CONECTOR MINIWEDGE DE 35/25MM², CÓDIGO 83592-6.",11.26
228,CABLE CAAI-S 3X50 + 2X16MM²,11.27
501,GRILLETE AºGº GALVANIZADO EN CALIENTE DE 5/8''71KN,11.29
3189,"CONECTOR MINIWEDGE DE 35/35MM², CÓDIGO 83592-5",11.33
2143,TALONARIO INFORME DE TRABAJO,11.38
692,TEMPLADOR PARTIDO P/CABLE 25MM² FIN D/LÍNEA,11.45
301,CABLE NYY 2-1 X 16MM²DE 7 HILOS DE COBRE PARA 1 KV CABLEADO COMPACTO DE SECCION CIRCULAR,11.5
527,"GRAPA DE ANCLAJE TIPO PISTOLA DE ALEACIÓN DE AL, 02 PERNOS, PARA CONDUCTOR DE AL. 16-50MM², 45KN, CO",11.51
204,CONDUCTOR CU DESNUDO CABLEADO DURO 50MM²,11.87
651,"RIEL SIMÉTRICO 7,5MM X 2M ""LEGRAND"" 37404",12.18
4706,|,12.22
556,INTERRUPTOR TERMOMAGNÉTICO 2X30A,12.69
2862,INTERRUPTOR TERMOMAGNETICO DE 2X30 AMPERIOS,12.69
2081,VARILLA DE ARMAR PREF. AL 95MM² SIMPLE,12.72
985,"PERNO OJO FE GO. 3/4"" X 16""",12.73
322,CABLE CAAI 3X70 + 1X16 + N50MM²,12.96
187,CONDUCTOR CONCÉNTRICO TETRAPOLAR 4X10MM²,13.19
902,"TUBO PVC TIPO SAP 2"" X 3 M",13.5
1133,"VARILLA DE SOLDADURA 1/8""",13.84
484,FUSIBLE NH-1 100A 500V,13.902
454,FUSIBLE NH-00 160A,13.95
472,FUSIBLE CHICOTE 80A 10KV,13.98
1773,"GRAPA DE ANCLAJE TIPO PISTOLA DE AL. P/COND.AAAC,35 A 70MM² 2PERNOS.",14.0
5577,TAPA POLIMERICA MONOFASICA EXTRAIBLE TRANSPARENTE 320MMx180MM,14.0
979,"PERNO OJO FE GO. 3/4"" X 14""",14.1
460,FUSIBLE CHICOTE 100A 10KV,14.5
2455,"CABLE DE CONTROL EXTRAFLEXIBLE (GPT) DE 1X9X2,5MM² A 250 VDC",14.63
166,"CABLE DE CU. TIPO NYY 3-1 X 16MM² , 1KV",14.7
570,INTERRUPTOR TERMOMAGNÉTICO 2X40A 10KA,14.94
457,FUSIBLE NH-00 50A,15.0
3622,AMORTIGUADOR VIBRACION TIPO ESPIRAL 50MM2.,15.03
2088,AMORTIGUADOR VIBRACIÓN TIPO ESPIRAL 95MM²,15.03
554,INTERRUPTOR TERMOMAGNÉTICO 2X50A,15.11
1450,FORMULARIO PERMISO DE TRABAJO PARA MANIOBRAS,15.19
2303,ABRAZADERA DE FO.GO. NORMA ATSM-A 153 DE 180 A 220MM,15.3
689,"TEMPLADOR FE GO. 5/8""X10""",15.37
765,VARILLA DE ARMAR PREF. AL 120MM²,15.45
4379,"Disco de corte para metal, 14” X 3.32 X 1”.",15.5
229,CABLE CAAI-S 3X70 + 2X16MM²,15.84
865,PLATINA CU 3 X 15MM,16.04
528,"GRAPA DE ANCLAJE TIPO PISTOLA DE ALEACIÓN DE AL, 03 PERNOS, PARA CONDUCTOR AL. 70-120MM² Y 70KN, CON",16.14
2611,"TAPA ""L"" PARA MEDIDOR ELECTRONICO (PEQUEÑA)",16.19
530,"GRAPA DE SUSPENSIÓN DE ALEACIÓN DE ALUMINIO, 02 PERNOS, PARA CONDUCTOR DE AL. 16-50MM² Y 45KN , CON",16.31
483,FUSIBLE NH-0 160A,16.56
4321,CABLE APANTALLADO N2xSY DE 12X2.5 MM2.,16.66
481,FUSIBLE NH-0 63A,16.7694
2612,"TAPA ""L"" PARA MEDIDOR ELECTRONICO (GRANDE)",16.81
398,ESPIGA PUNTA POSTE,17.22
1127,THINER,17.5
464,FUSIBLE NH-0 125A,17.8543
2975,TRAJES TYVEK PARA TRABAJOS CON ACEITE DIELECTRICOS,17.9
4077,CONDUCTOR DE CU DESNUDO CABLEADO BLANDO 70MM²,17.97
5341,TAPA VISORA TOTALIZADOR Y AP (METALICA),18.0
480,FUSIBLE NH-0 100A,18.09
143,BASE PORTAFUSIBLE NH-0 160A 500V,18.3148
2275,GRAPA DE ANCLAJE TIPO PISTOLA DE AL. P/COND.AAAC 120MM² 3PERNOS.,18.53
372,CONECTOR CUÑA AMPACT 600403 DE ALEAC. CU SN CON CARTUCHO AZUL,18.7
381,CONECTOR CUÑA AMPACT 600446-0 DE ALEAC. CU SN C/CARTUCHO AZUL,18.91
386,CONECTOR CUÑA AMPACT 600447 DE ALEAC. CU SN C/CARTUCHO AZUL,19.05
1215,LÁMPARA VAPOR SODIO 70W E-27,19.19
313,CONECTOR CUÑA AMPACT 602046-9 250MCM C/CARTUCHO IMPULSOR,19.75
2905,"TAPA ""L"" PARA MEDIDOR ELECTRÓNICO ( INTERMEDIO)",20.24
564,IGNITOR P/LÁMPARA VAPOR DE SODIO 70W,20.52
492,GRAPA ANCLAJE PIST. FE GO. 2 PERNOS P/COND. 16-50MM²,20.75
2222,"LAMPARA VAP. SODIO 50W,",21.29
513,GRAPA ANCLAJE PIST. AL 3 PERNOS P/COND. 120MM²,21.46
172,"CABLE DE CU. TIPO NYY 3-1 X 25MM² , 1KV",21.49
2085,CABLE NYY 1 X 70MM²,21.5
127,"ABRAZADERA PARTIDA FE GO. 160-250MM DE 1/4""X2.1/2"" C/3 PERNOS 1/2""",21.54
2218,AMORTIGUADOR VIBRACION TIPO ESPIRAL 120MM2,21.54
945,CINTA AISLANTE DE GOMA SCOTCH 23,21.88
86,AISLADOR PORTABARRA 1KV,22.25
493,GRAPA SUSPENSION AL 4/0AWG,22.582
506,"GRAPA DE SUSPENSIÓN DE FºGº PARA COND. DE CU. DE 25 HASTA 120MM² , 70KN.",22.6348
494,"GRAPA DE SUSPENSIÓN DE AL. PARA COND. DE 35 A 120MM² , 60KN.",22.71
731,"TEMPLADOR FE GO. 3/4""X10"" OJO/GANCHO",23.07
1106,ERICOGEL P/PUESTA TIERRA,23.22
465,FUSIBLE NH-1 250A,23.26
5101,"CURVA CONDUIT FIERRO GALVANIZADO EMT DE 2"" X 90° (UL) WEIFANG",23.26
2718,TAPA LT PARA MEDIDOR TRIFASICO,23.32
671,"TEMPLADOR FE GO. 3/4""X10""",23.97
567,INTERRUPTOR TERMOMAGNÉTICO 3X32A 10KA,24.16
755,"VARILLA ANCLAJE FE GO. 5/8"" X 2,40M",24.34
4312,AMORTIGUADOR DE VIBRACIONES TIPO ESPIRAL PARA CONDUCTOR DE 150 MM2.,24.6
490,GUARDACABLE DE AºGº DE 2.40MTS. 1.5MM DE ESEPZOR,24.93
2103,MANGUITO DE REPARACIÓN AL 95MM²,24.94
4096,"CABLE N2XSY DE 1x50mm², 18/30kV",25.84
1213,LÁMPARA VAPOR SODIO 150W E-40,25.93
3180,PLATINA DE CU. 3 X 20 MM,26.1
1102,ACEITE PENETRANTE AFLOJATODO FRASCO 300 ML,26.4
2067,DIFUSOR POLICARBONATO P/LUM. 150W ECOM PHILIPS,27.44
4067,CAJA POLIMERICA MONOFASICA CON TAPA EXTRAIBLE TRANSPARENTE 320MMX180MMX120MM,27.51
138,BLOQUE DE CONCRETO,27.65
72,AISLADOR SUSPENSIÓN CLASE ANSI 52-3 BALL AND SOCKET,28.34
418,EMPALME RECTO NYY 16-35MM² UNIPOLAR 3M-1,28.36
1124,SPRAY LIMPIA CONTACTOS,28.5
4092,"PROTECTOR DE PLASTICO AMARILLO DE 51MM DE DIAM.Y 2.4M DE LARGO, MODELO PGMS7578",28.66
5333,GRAPA DE SUSPENSION PARA CABLE DE 240 MM².,28.9
1207,CÉLULA FOTOELÉCTRICA 1000W 1800VA 220V,28.91
3115,FUSIBLE CHICOTE DE 200A 10KV,29.3028
569,INTERRUPTOR TERMOMAGNÉTICO 3X25A 10KA,29.72
545,INTERRUPTOR TERMOMAGNÉTICO 3X63A,29.81
456,FUSIBLE NH-2 315A 500V,29.87
5098,"TUBO CONDUIT FIERRO GALVANIZADO EMT DE 1.1/4"" X 3MT (UL) LISO - ANAKO",30.09
455,FUSIBLE NH-1 200A,30.15
315,CONECTOR CUÑA AMPACT 600448 DE ALEAC. CU SN C/CARTUCHO AZUL,30.22
417,EMPALME RECTO NYY 6-10MM2 UNIPOL. NØCAT. 3M-0,30.3
3943,CONECTOR CUÑA AMPACT 600459-0 DE ALEAC. CU SN (SIN CARTUCHO),30.36
442,FUSIBLE CHICOTE 140A 15KV TIPO K,30.96
3942,CONECTOR CUÑA AMPACT 600411-0 DE ALEAC. CU SN (SIN CARTUCHO),31.15
3945,CONECTOR CUÑA AMPACT 600458-0 DE ALEAC. CU SN (SIN CARTUCHO),31.77
2071,CAJA DE REGISTRO CON TAPA PARA PUESTA A TIERRA,31.78
4906,LIMPIA CONTACTOS WD-40,31.84
549,INTERRUPTOR TERMOMAGNÉTICO 3X50A,31.96
4325,CONECTOR CUÑA AMPACT 602046-7 120 - 120 MM,32.0
568,INTERRUPTOR TERMOMAGNÉTICO 3X63A 10KA,32.23
3842,CONECTOR CUÑA AMPACT 600448 DE ALEAC. CU SN SIN/CARTUCHO AZUL,32.54
1496,"ACEITE DIELÉCTRICO,MANTEMIENTO DE TRANSFORMADORES DE DISTRIB.",33.2426
130,BASE PORTAFUSIBLE NH-2 400A 500V,34.52
405,EMPALME RECTO NYY 16-35MM² UNIPOLAR 3M-1,34.75
376,CONECTOR CUÑA AMPACT 600458-0,34.78
4361,Conector AMPACT tipo cuña 150/120 mm2 Al/Al - 602046-7.,35.0
650,"REGLETA MADERA TORNILLO COMPLETAMENTE SECA Y CEPILLADA POR SUS 4 LADOS 3""X2""X3M",35.32
753,"VARILLA ANCLAJE FE GO. 3/4"" X 2,40M",35.7
378,CONECTOR CUÑA AMPACT 602046-7 C/CARTUCHO AZUL BIMET. 120/120 MM²,35.75
3161,SIKA BOOM,36.15
311,CONECTOR CUÑA AMPACT 600411-0 2/0 DE ALEAC. CU SN C/CARTUCHO AZUL,36.36
327,CONECTOR CUÑA AMPACT 600456-0 C/CARTUCHO,36.49
312,CONECTOR CUÑA AMPACT 600466 C/CARTUCHO,36.7
314,CONECTOR CUÑA AMPACT 600459-0 DE ALEAC. CU SN C/CARTUCHO AZUL,36.71
167,CABLE NYY 3-1 X 35 MM²,37.04
1119,PINTURA ESMALTE GRIS CLARO,37.5
546,INTERRUPTOR TERMOMAGNÉTICO 3X40A,37.87
1214,LÁMPARA VAPOR SODIO 250W E-40,37.8842
1208,DIFUSOR POLICARB.P/LUM.ASTRO 70W.JOSFEL,38.11
1052,PLATINA CON 4 PERNOS PARA LOZA SOPORTE,38.8
4926,Traje Ttyvex,38.9
1109,PINTURA ESMALTE NEGRO,39.0
425,EMPALME AUTOMÁTICO AL 35MM²,39.43
1121,PINTURA ESMALTE GRIS OSCURO,39.58
1115,PINTURA ESMALTE AMARILLO,39.8
136,BASE PORTAFUSIBLE NH-1 250A,39.93
298,CABLE NYY 3-1 X 50MM²,41.26
325,CONECTOR AMPACT COPPER P/N 275187-5 70-70MM2 C/CARTUCHO,42.15
5099,"TUBO CONDUIT FIERRO GALVANIZADO EMT DE 2"" X 3MT (UL) LISO - ANAKO",43.6
4591,CABLE NYY 1 X 120MM²,43.8
4131,Aislador Polimérico Tipo Suspensión de 28Kv.,43.99
906,"TUBO FE GO. 3/4"" X 6,40M",44.45
360,CABLE NYY 3 X 35/16MM² 1KV,44.62
1209,DIFUSOR POLICARBONATO P/LUM. 70W ECOM PHILIPS,44.93
496,GRASA SILICONA,45.55
3475,CEMENTO CONDUCTIVO.,46.43
891,PLATINA CU 5 X 30MM,46.54
97,AISLADOR POLIMÉRICO 15KV TIPO SUSPENSIÓN,46.62
98,AISLADOR POLIMÉRICO 25/35KV TIPO SUSPENSIÓN PDI-25 O.BRA,47.17
2596,"CAJA MET. TRIFASICA 430x240x150 mm, portamedidor electrónico, con persiana para lectura, accesorio d",49.0
2479,CUBIERTA DE PROTECCION 24 KV. PARA CABLE DE 35MM²,49.45
2072,"CONTRAPUNTA FE GO. 1.1/2""X1,20M C/ABRAZA",49.49
308,"CONTRAPUNTA FºGº 2"" DE DIAM.X1,00M P/POSTE DE B.T.C/ABRAZADERA PARTIDA 135 mm2",50.06
352,"CONTACTOR TRIFASICO DE 32A. TIPO AC1, 220V.",50.42
2319,AISLADOR POLIMÉRICO 15 KV SILICONA PARA ANCLAJE Y SUSPENSION,51.44
2128,GRASA CONDUCTORA,52.38
1772,CABLE N2XSY 1 X 120MM218/30 KV.,52.44
491,"GRAPA DE ANCLAJE TIPO PISTOLA DE ALEACIÓN DE AL, 04 PERNOS, PARA CONDUCTOR DE AL. 120MM² Y 98KN, CON",53.32
1636,EMPALME AUTOMÁTICO AL 50MM²,53.6
2480,CUBIERTA DE PROTECCION 10 KV. PARA CABLE DE 120MM²,53.93
5340,TAPA LTM CALIDAD (VISORA) (METALICA),55.0
309,"CONTRAPUNTA FºGº 2"" DE DIAM.X1.50M P/POSTE DE M.T.C/ABRAZADERA PARTIDA 220 -250mm",60.27
4590,CABLE NYY 4-1 X 50MM²,60.5
1554,"CRUCETA C.A.V. ASIMETRICA 1,50/250 M/KG",61.06
829,MASCARILLA DESCART. P/POLVO,63.14
429,EMPALME AUTOMÁTICO CU 70MM² GL-118M,64.99
3191,COBERTOR PARA EMPALME DE CUÑA MINIWEDGE HASTA 50MM² CON GEL SILICONADO.,65.77
870,PLATINA CU 5 X 40MM,65.86
2257,"ABRAZAD. C/PLAT. FºGº.3/8""X2-1/2"", 245MMØ, 04 PERN",65.9
173,CABLE NYY 3-1 X 70 MM²,66.24
5033,SOLVENTE DILUYENTE PARA PINTURA SILICONA SILCHEM NAPHTHA,67.32
2216,CUBIERTA DE PROTECCION PARA LÌNEA 10 KV.,67.9
3907,Conector Cuña ampact 1-602031-5 S/cartucho P/calibres 240/120 mm²,68.15
5004,PALOMILLA DE C.A.V. DE SIMPLE EMBONE DE 1.10M - 280MM DE DIA CON TRASLAPE,73.13
1530,"MÉNSULA DE C.A.V. 1,00M/300DAN - 245MM DIA DE EMBONE.",73.44
2412,"PLATINA FE GO. 1 1/2"" X 3/16"" X 6M",74.45
1638,EMPALME AUTOMÁTICO AL 70MM²,76.56
2018,"MÉNSULA DE C.A.V. 1,00M/300DAN - 215MM DIA DE EMBONE.",77.05
4024,"ABRAZAD. 02 PARTES C/PLAT. FºGº.3/8""X2-1/2"", 228 mmØ, 04 PERN",79.65
441,FUSIBLE CARTUCHO 40A 12KV,80.0
2258,"ABRAZAD. C/PLAT.FºGº.3/8""X2-1/2"",280 MMØ, 04 PERN.",80.1
4026,"ABRAZAD. 02 PARTES C/PLAT. FºGº.3/8""X2-1/2"", 294 mmØ, 04 PERN",80.81
161,"CONTACTOR TRIFÁSICO DE 60A TIPO AC1, 220V",81.27
2091,EMPALME AUTOMÁTICO AL 95MM²,81.73
4137,"PLANCHA DE BRONCE E=3/8"" CON DOS AGUJEROS DE 1/42Ø",82.29
1570,PALOMILLA DE C.A.V. DE SIMPLE EMBONE DE 1.10M - 280MM DE DIA.,84.66
4007,"ABRAZAD. 02 PARTES C/PLAT. FºGº.3/8""X2-1/2"", 275 mmØ, 04 PERN",84.75
2259,"ABRAZAD. C/PLAT.FºGº.3/8""X2-1/2"", 310 MMØ, 04 PERN",85.14
3192,COBERTOR PARA EMPALME DE CUÑA AMPACT HASTA 120MM² CON GEL SILICONADO.,86.46
2311,"AISLADOR POLIMÉRICO DE GOMA DE SILICONA TIPO PIN 15KV, INCLUIDO SOPORTE DE FºGº DE 3/4 CON ACCESORIO",88.03
4006,"ABRAZAD. 02 PARTES C/PLAT. FºGº.3/8""X2-1/2"", 222 mmØ, 04 PERN",88.19
2135,INTERRUPTOR TERMOMAGNETICO BIPOLAR 1AMP,89.0
837,"ANGULO ACERO LAMIN. 1"" X 1"" X 1/8"" X 6M",90.0
249,"CAJA MET. ""LTM"" P/MED. ELECTRÓNICO 525X245X200 MM ESP. 2 MM",93.43
1639,EMPALME AUTOMÁTICO AL 120MM²,93.71
1556,CRUCETA DE C.A.V. SIMÉTRICA DE 1.50M/300DAN - 245MM DIA DE EMBONE.,95.08
1553,CRUCETA DE C.A.V. SIMÉTRICA DE 1.50M/300DAN - 215MM DIA DE EMBONE.,96.43
361,CABLE NYY 3-1 X 120MM² 1KV,98.26
1571,PALOMILLA DE C.A.V. DE DOBLE EMBONE DE 2.20M - 280MM DE DIA.,100.52
4235,MÉNSULA DE C.A.V. 1.50M/500DAN - 245MM DIA DE EMBONE.,104.69
3443,"PLANCHA DE F°G° PARA REPARACIÓN DE CRUCETA DE1/8"", 04 PERNOS DE 5/8""x12"" C/2A/2T.",105.57
2554,Baterías de 12 voltios 7.2 Amp para el ups marca JEIDAR modelo 12HD-29(12V7 24H/20HR) MH20906,106.65
2312,AISLADOR SILICONA 24 KV. P/ESPIGA CABEZA 35MM DIAM.,107.59
2946,DISTANCIADOR PARA BAJA TENSION,109.66
905,"TUBO FE GO. 1.1/4"" X 6,40M",109.77
4236,MÉNSULA DE C.A.V. 1.50M/500DAN - 215MM DIA DE EMBONE.,109.85
2433,"TUBO FºGº DE 2"" DIÁM. X 2MM. X 6.40 M. SIN ROSCA",112.02
2176,CAJA DERIVACION NO METALICAS DE COMPUESTOS POLIMÈRICOS 380/220V.,112.53
1525,CRUCETA DE C.A.V. ASIMÉTRICA 1.50M/0.90M/300DAN - 235MM DIA DE EMBONE.,117.04
297,CONTACTOR ELECTROMAGNÉTICO 3X40A 690VAC EN AC-1,120.49
5563,EXTENSOR TRIANGULAR (Alineamiento) F°G°,125.27
335,CONTACTOR TRIFASICO DE 45A. TIPO AC1 220V.,125.41
150,"CINTA BAND-IT 19,05MM X 0,76MM (FLEJE ACERO INOXIDABLE) rollos",126.41
761,"VARILLA CU 5/8"" X 2,40M",128.19
760,"VARILLA DE BRONCE 16MMØ X 2,40M",128.43
5424,KIT LUMINARIA LED DE 30- 50 W,131.03
370,CAJA DERIVACION NO METALICAS DE COMPUESTOS POLÌMERICOS 220V. DE 10 SALIDAS,131.48
5856,"EXTENSOR TRIANGULAR (Rompetramo y derivación) F°G°, 0.60 mts",131.99
474,FUSIBLE CARTUCHO 16A 12KV,132.67
4228,"EMPALME ASIMÉTRICO AUTOFUNDENTE RECTO Y/O EN DERIVACIÓN PARA CABLE NYY/NKY, 1 KV. 16MM2(91-B-A-016 S",135.77
4132,Aislador Polimérico Tipo Pin de 28Kv,136.62
424,EMPALME AUTOMÁTICO AL 4/0AWG A 266MCM GL-1205A,139.44
2499,"CINTA AUTOFUNDENTE 50,8 MM X 3 M X 1,653M DE GOMA",140.44
6,CRUCETA MADERA TRATADA 90X115X2.40M,145.26
2557,CAJA METÁLICA PARA CLIENTES MAYORES Y CALIDAD,148.0
3066,AISLADOR POLIMÉRICO DE GOMA DE SILICONA TIPO PIN 36KV.,148.92
4536,"CONTACTORES DE 12A, BOBINA 24 VDC",150.0
1219,LUMINARIA VAPOR DE SODIO 70 W E-27,157.68
960,"CINTA AUTOFUNDENTE 3.3/4""X3,2MM X 3M DE GOMA",162.72
5855,"EXTENSOR TRIANGULAR (Rompetramo y derivación) F°G°, 1.00 mts",169.42
2132,"KIT LUMINARIA Y LÁMPARA, VAPOR DE SODIO 50 W",171.11
2059,"KIT LUMINARIA Y LÁMPARA, VAPOR DE SODIO 70 W",171.65
1774,PLATINA CU 10MM X 50MM X 6M,178.33
3450,FUENTE DE ALIMENTACIÓN CONMUTADA.,179.39
4410,FUENTE DE PODER TERMINAL SERVER 100/240 VAC A 48 VDC (MOXA),186.97
443,FUSIBLE CARTUCHO 63A 12KV,189.12
835,"ANGULO ACERO LAMIN. 2"" X 2""X 1/4"" X 6M.",191.26
1652,MEDIA LOZA DE C.A.V. PARA SOPORTE SAM O SAB DE 1.10MTS. 750KG Y 320MM DE DIAM.,192.5
1911,"VARILLA DE CU 3/4"" x 2.40M.",199.4
1558,MEDIA PLATAFORMA SOPORTE DE TRANSFORMADOR DE C.A.V. 1.10M. /750DAN - 325MM DIA,201.39
881,PLATINA CU 10 X 60MM,208.76
4186,CAJA TOMA PARA BANCO DE MEDIDORES MONOFASICO DE 9 SALIDAS 380/220V,210.0
3083,"AISLADOR POLIMÉRICO 72.5KV TIPO SUSPENSIÓN C/ADAPTADOR Y - OJO, 4500 MSNM.",211.42
444,FUSIBLE CARTUCHO 80A 12KV,212.76
4452,EMPALME AUTOMATICO PARA CONDUCTOR 150 MM2.,213.27
2558,"CAJA METÁLICA PARA MEDIDOR ELECTRÓNICO TOTALIZADOR Y ALUMBRADO PÚBLICO, CON SOPORTE METÁLICO",243.27
544,INTERRUPTOR TERMOMAGNÉTICO 3X100A,253.5
2495,"EMPALME ASIMÉTRICO AUTOFUNDENTE RECTO Y/O EN DERIVACIÓN PARA CABLE NYY/NKY, 1 KV. SERIE SR",256.8
5110,CAJA PORTA TC,260.92
4386,CABLE UTP CAT.5 ROLLO X 1000 PIES (MULT.),265.45
4396,"PLATINA DE CU. DE 1"" x 3/16"" x 6M.",269.73
475,FUSIBLE CARTUCHO 100A 12KV,271.76
539,INTERRUPTOR TERM. REG. 3X63A 25KA(0.7-1.0),272.01
3939,Plancha Galvanizada 1/16 x 1.20 x 2.40mt,280.0
866,PLATINA CU 5 X 30MM X 6M,297.7
552,INTERRUPTOR TERM. REG. 3X100A 25KA (0.7-1.0),300.47
1572,POSTE C.A.C. 8.00M/200DAN/2.0/120MMØ/240MMØ,303.0
2395,SECCIONADOR CUT-OUT POLIMÉRICO DE SILICONA TIPO EXPULSIÓN 38 KV. 100A. 150 KV BIL,313.07
99,AISLADOR POLIMÉRICO 72.5KV TIPO SUSPENSIÓN C/ADAPTADOR Y - CLEVIS BOLA.,314.07
621,"PARARRAYO 27KV, 10KA ÓXID. METÁL. POLIMÉRIC",326.6
561,INTERRUPTOR TERMOMAGNÉTICO 3X125-160A,330.32
1577,POSTE C.A.C. 8.00M/300DAN/2.0/120MMØ/240MMØ,341.95
547,INTERRUPTOR TERM. REG. 3X160A 25KA (0.7-1.0),343.68
2473,CUBIERTA PROTECTORA DE PLÁSTICO CON TRAMIENTO DE NYLON PARA PROTECCIÓN DE CABLES AUTPORTANTES EN MT,345.14
2493,"BLOQUE DE CONCRETO ARMADO TRONCOCÓNICOPROTECCIÓN DE POSTE CONTRA IMPACTO 1,6M",347.22
5,CRUCETA MADERA TRATADA 102X127X4.27M,350.7
2893,KIT LUMINARIA Y LÁMPARA VAPOR DE SODIO 150 W,371.0
4139,"INTERRUPTOR TERMOMAGNETICO REGULABLE 3x100A-160A , 25kA , 600v CON TERMINALES",376.52
184,CORTACIRCUITO CUT-OUT 15/27KV 200A 150KV BIL,382.62
331,"CONTACTOR TRIFASICO DE 80A EN AC1,65A EN AC3, 660V",417.94
551,INTERRUPTOR TERM. REG. 3X200A 25KA (0.7-1-0),503.66
2504,LLAVE RITZ 30 AMP- 600 V,518.82
538,INTERRUPTOR TERM. REG. 3X250A 25KA (0.7-1.0),520.8
4140,"INTERRUPTOR TERMOMAGNETICO REGULABLE 3x160A-250A , 25kA , 600V , CON TERMINALES",525.89
907,"TUBO FE GO. 4"" X 6,40M",540.07
4692,TABLERO DE DISTRIBUCION S/EQUIPAMIENTO 600MM X 600MM X 250MM,548.5375
1592,TABLERO DISTR. TRIF. S/EQUIPO C/ABRAZ.CMET.,566.25
390,CABEZA TERMINAL UNIPOLAR INT. P/CABLE N2XSY 120MM²,602.6
562,INTERRUPTOR TERMOMAGNÉTICO 3X200-250A,619.58
4465,"ABRAZADERA DE F° G°, 275Ø CON DOS SUPLES METÁLICO, 04 PERNOS CON DOBLE TUERCA.",645.0
4097,"CABEZA TERMINAL, USO EXTERIOR, P/CABLE N2XSY 50mm², 18/30kV (kit de 03 fases)",802.67
388,CABEZA TERMINAL UNIP. EXT. P/CABLE N2XSY 120MM²,813.91
1635,CABEZA TERMINAL EXT. P/CABLE N2XSY 120MM (CONTRAIBLE - TERMO Y AUTO),845.38
1566,POSTE C.A.C. 13.00M/400DAN/2.0/180MMØ/375MMØ,855.5
1565,POSTE C.A.C. 13.00M/300DAN/2.0/180MMØ/375MMØ,872.2
365,CABEZA TERMINAL P/CABLE N2XSY 120MM2 HASTA 30KV,895.5
2743,"AISLADOR TIPO LINE POST 72.5KV, DE GOMA DE SILICONA, 8KN, 31MM/KV, INCLUYE GRILLETES Y GRAPAS DE SUS",990.0
3183,"SECCIONADOR UNIPOLAR POLIMÉRICO TIPO CUCHILLA 27 KV, 400 A, 150 KV BILL.",994.21
2965,EMPALME RECTO T/CONV. DE CINTAS K C/CONECTORES P/CABLE SECO UNIPOLAR DE 15 KV DE 120 MM,1510.03
2469,"EMPALME RECTO TERMOCONTRAIBLE/AUTOCONTRAIBLE EN MT PARA N2XSY/N2A2XS2Y-SFORMACIÓN DE 3-1X120 MM², 15",1512.3
4091,POSTE P.R.F.V. 12.00M/400DAN,1739.68
4041,CABEZA TERMINAL EXT. P/CABLE NA2XSY 50MM²  18/30KV,1974.0
3902,"Fuente de poder D25 120VAC/60-150VDC, 24V WETTING, CE MARK",2530.14
3903,"Fuente de poder D25  250 VDC, 220 VAC, 24 V FIELD OUTPUT",2848.42
AF0136,Router de comunicación inalámbrica LandCell,2998.47
AF0160,"Tarjeta de red Ethernet dual puerto RJ45, 10BASE-T, XCOM.",3587.73
5738,TABLERO DE DISTRIBUCION TRIFASICO PARA TRANSFORMADOR DE 50KVA. *NO ROTATIVO,3650.24
2351,"ESTRUCTURA DE RETENCION TIPO BIPOSTE DE 13/400,  CON VINCULOS",3717.53
4587,"TABLERO DE DISTRIBUCIÓN TRIFÁSICO, PARA TRAFO. DE 100kVA, DIMENCIONES 800x800x300mm, EQUIPO COMPLETO, IP-54",4127.83
1591,TABLERO DISTR. TRIF. C/EQUIPO COMPLETO 160 KVA,4306.38
3068,TRANSFORMADOR DE CORRIENTE HOMOPOLAR,4670.4
4246,"TABLERO DE DISTRIBUCIÓN TRIFÁSICO, PARA TRAFO. DE 100kVA, DIMENCIONES 600x600x250mm, EQUIPO COMPLETO",4846.792
AF0552,TERMINAL SERVER 16 PUERTOS MODELO NPORT 5610-16 (MOXA),5359.36
2690,"TRAFOMIX 22.9-10KV de 50-200/5 Amp CL 0.2S, 3X30 VA",5545.09
2691,"TRAFOMIX 22.9-10KV de 1-5-20/5 Amp CL 0.2S, 3x30VA",5663.18
5032,"REVESTIMIENTO DE SILICONA MARRON SILCHEM 100% SOLIDO PARA APLICACIÓN EN AISLADORES DE ALTA TENSION, NUMERO DE CATALOGO 100HV-BR/1G-100",6222.72
4665,TABLERO DE DISTRIBUCION DE PRFV PARA 160 KVA,7477.3
2028,"RELE SOBRECORRIENTE 351A FUNCIÓN 67N/50/51, 50N/51N Y 67N.",7479.73
3410,Transformador de Distribución Trifásico 50kVA 10-22.9/0.400-0.231kV.,8520.68
AF0559,SWICH DE RED SEL 2730M,8737.74
3100,TRANSF. DISTR. TRIF. 100 KVA 10-22.9/0.38-0.22 KV.,10919.0
3099,TRANSF. DISTR. TRIF. 160 KVA 10-22.9/0.38-0.22 KV.,14164.7966
3824,"DISYUNTOR TRIPOLAR DE POTENCIA EN VACÍO, EJECUCION EXTRAIBLE, 24/50/125 kV, 1250A, USO INTERIOR (CON",31151.76
3416,"INTERRUPTOR DE POTENCIA EN VACIO USO EXTERIOR, 24 KV, 630 A, 16 KA, 125 KV BILL.",42430.08
1533,"RECLOSER 3Í TP. WV27 24,9KV, 560A, 8KA, 150KV BIL",48166.8
266,UTILIZAR CODIGO 00275 (ESTE CODIGO SERA ANULADO),2.55
299,CABLE NYY 2-1 X 25MM²DE 7 HILOS DE COBRE PARA 1 KV CABLEADO COMPACTO DE SECCION CIRCULAR,7.0
726,TERMINAL COMPRESION CU-CAD 50MM2 - 1/0AWG,3.0
944,UTILIZAR CODIGO 03093 (ESTE CODIGO SERA ANULADO),4.44
1576,PASTORAL C.A.C. DOBLE 1.30M,15.0
468,FUSIBLE CARTUCHO 25A 12KV,80.0
5168,TAPA LTM - CALIDAD,50.0
4677,BRAZO METALICO PARA LINE POST DE 0.8 MTS (adaptable a poste madera),50.0
659,SOCKET P/FLUORES. C/PORTAARRANCAD.,15.0
609,PORTAFUSIBLE 30 A. AEREO LOZA T/PESCADO,50.0
3080,CAJA PORTAMEDIDOR MONOFASICO L INTERMEDIO ADECUADA,15.0
2413,LUMINARIA VAPOR DE SODIO 50W E-27,80.0
393,CONECTOR DOBLE VIA AL 50MM2-70MM2,100.0
728,"TRANSF. CTE. 300/5 A TOROIDAL CL. 0,5 - 1 KV",5000.0
5511,"PERNO HEXAGONAL DE 3/8"" X 3/4"", CON TUERCA + ARANDELA PLANA + ARANDELA DE PRESIÓN",1.0
840,"ANGULO FE 1/4"" X 4"" X 4"" X 6M",10.0
276,"CONECTOR CUÑA UDC ""B"" 50-10MM² AL/CU-CU 688653-1 NARANJA",5.0
3751,TERMINAL DE CU. PARA CABLE JUMPER DE 95MM².,5.0
5124,"PERNO HEXAGONAL 3/8"" X 3/4""",1.0
2428,"CAJA MET. MONOFASICA 315x180x120 mm, portamedidor electrónico, con persiana para lectura, accesorio",15.0
2692,"TRAFOMIX 10-22.9KV de 1- 5/5 Amp CL 0.2S , 1X30 VA",5000.0
2693,"TRAFOMIX 13.2-12.7KV de 1-5/5 Amp CL 0.2S, 1X30 VA",5000.0
691,TEMPLADOR CÓNICO PARA CABLE AL 25MM² P. FIN DE LÍNEA,15.0
323,CONECTOR CUÑA AMPACT 600528 C/CARTUCHO,15.0
555,INTERRUPTOR TERMOMAGNÉTICO 2X20A,15.0
269,ALAMBRE GALVANIZADO Nº 14,15.0
1002,"PERNO FE 1/4""X1""",1.0
2256,"CONDUCT.COPPERW. 25MM² (4AWG) Ø, SÓLIDO, DESN., BLANDO",4.0
346,CONDUCTOR CU THW 4MM² (12 AWG),4.0
4071,"TRAFOMIX 13.2kV, de 1-2-5/5 amp., Cl 0.2S, 1X30VA",5000.0
367,CONDUCTOR CONCÉNTRICO CU BIPOLAR 2X10MM²,10.0
541,INTERRUPTOR TERM. REG. 3X25A 25KA (0.7-1.0),7.0
01911,"VARILLA DE CU 3/4"" x 2.40M.",
